,0
nbyes,0.2981434702072127
UBSAN_SANITIZE_ALL,0.16926525039260745
FB_DDC,0.08808475614660365
GCOV_PROFILE_ALL,0.06481702715040728
KASAN,0.05726296067778232
KASAN_OUTLINE,0.05377024214233929
SCSI_ISCSI_ATTRS,0.03826229148722101
UBSAN_ALIGNMENT,0.025720542187521483
RAID6_PQ,0.015979235208177466
KCOV_INSTRUMENT_ALL,0.015581632269842435
BLK_MQ_PCI,0.012233585918545621
nbno,0.010009022677934706
DRM_I915,0.007432064973114097
MDIO,0.006606794442333938
DRM_TTM,0.005607285882015939
MAY_USE_DEVLINK,0.004907547936947171
UBSAN_NULL,0.004722769751558946
OCFS2_FS,0.0041833575761169904
JBD2,0.0040221036577289876
XOR_BLOCKS,0.003328359144611587
DRM_NOUVEAU,0.0031294322536964785
GENERIC_TRACER,0.002966277652565768
DYNAMIC_DEBUG,0.002894025418897696
SBITMAP,0.0028860224557827607
XFS_FS,0.0028686984343105344
IOSCHED_NOOP,0.0028400356792295245
DRM_AMDGPU,0.0028124771174637387
MMU_NOTIFIER,0.0027642231693231546
MODULE_SIG_SHA1,0.002584617079709724
BLOCK,0.002473322190237437
READABLE_ASM,0.0024027236748421924
DRM_RADEON,0.0023072651920039594
FUNCTION_TRACER,0.0022951295823143347
SG_POOL,0.002275431672354568
CC_OPTIMIZE_FOR_SIZE,0.0021242543704907703
BTRFS_FS,0.0021079141724572176
BLK_DEV_BSGLIB,0.0020002511681753814
PRINTK,0.001949282212856531
PRINTK_NMI,0.0019257951234606969
XFRM_ALGO,0.001886265415095827
SCSI_SAS_ATTRS,0.001752245312516285
HAVE_NET_DSA,0.0016123650929559944
CEPH_LIB,0.0016015873570360212
INET_TUNNEL,0.001599331641318845
INET,0.0015972784743821015
BLK_SCSI_REQUEST,0.0015870767106421731
GRO_CELLS,0.0015589333404322778
MII,0.001552809052553957
FS_MBCACHE,0.0014874006243397418
DRM_MIPI_DSI,0.0014497928656693074
DST_CACHE,0.0014184529913453285
FS_IOMAP,0.0014007522965900155
ISCSI_BOOT_SYSFS,0.001375029663931812
NET_IP_TUNNEL,0.0013237271639912201
DRM,0.0013222333158079958
SCSI_BNX2_ISCSI,0.0013051403690145659
DRM_AST,0.0012591117928358111
DRM_KMS_HELPER,0.0012489137629598352
CNIC,0.0012137159297116258
JME,0.001205684174745781
XFRM,0.0011993847219960478
CHELSIO_LIB,0.0011928750028168229
BLK_MQ_VIRTIO,0.0011908193706150262
CONSTRUCTORS,0.0011724521579254807
DRM_CIRRUS_QEMU,0.0011377240297293421
ETHERNET,0.0010926370184693001
DRM_GMA500,0.0010836682384050816
DRM_VM,0.0010394451332420304
BQL,0.001032174920552122
CRYPTO_USER_API,0.000991132438594245
BLK_DEV_BSG,0.0009803872869294963
SATA_AHCI,0.0009722395118779928
DQL,0.0009492079464647042
NET,0.0009304980814408641
DRM_VMWGFX,0.0009095911689741943
DRM_HISI_HIBMC,0.0009093297524843693
NLATTR,0.0008962107734071361
NET_RX_BUSY_POLL,0.0008825936078662453
SCSI,0.0008579624464262899
BNX2X,0.0008298509128845526
NET_VENDOR_CHELSIO,0.0008125599691982653
LLC,0.0008085071851943842
KRETPROBES,0.0007798340975799039
MDIO_THUNDER,0.0007437511707605644
DRM_PANEL,0.0007362226671178806
DRM_BOCHS,0.000713571119448085
BNXT,0.0007016710139743564
AMD_PHY,0.0006867433175496843
NET_VENDOR_TEHUTI,0.0006517259905273906
DRM_PANEL_BRIDGE,0.0006225489405812768
DRM_BRIDGE,0.0005915340520405586
MDIO_CAVIUM,0.0005098593377322308
BNX2,0.00048263406325087054
TIMER_PROBE,0.0004644904961267239
TIMER_OF,0.0004620350749880801
SCSI_DMA,0.00045262019561075403
CLKSRC_MMIO,0.00041838101533088365
COMPILE_TEST,0.0004036187705513171
ROCKCHIP_GRF,0.00040218120266327276
